study,studyId,FMBN_version,target,region,platform,read_length_bp,seq_center,bioinf_software,OTU_picking,assign_tax_method,tax_database,Seq_accn,Seq_accn_link,bioproject,samples,food_group,short_descr,DOI,DOI_link,ref_short,year,ref_complete,corr_author_surname,corr_author_mail,geoloc,study_type,primer_f,primer_r,overlapping,paired_end
14,ST14,4_2,16S RNA gene and 16S RNA,V1-V3,454 GS FLX,323,RTL,R dada2,ASV with DADA2,assignTaxonomy(),SILVA v138.1,SRP019475,https://trace.ncbi.nlm.nih.gov/Traces/study/?acc=SRP019475&go=go,PRJNA192807,20,Vegetables,Olive surfaces (A01BQ) and brine during fermentation. Samples were treated or untreated with NaOH 1% v/w,10.1371/journal.pone.0069074,https://doi.org/10.1371/journal.pone.0069074,"Cocolin et al., 2013",2013,"Cocolin, L., Alessandria, V., Botta, C., Gorra, R.,De Filippis, F., Ercolini, D., Rantsiou, K., 2013. NaOH-debittering induces changes in bacterial ecology during table olives fermentation. PLoS One 8 (7): e69074.",Cocolin,lucasimone.cocolin@unito.it,Italy,mixed 2x3,Gray28f,Gray519r,TRUE,FALSE
133,ST133,3_2,16S RNA gene,V3-V4,Illumina MiSeq,270,CYPRUS UNIVERSITY OF TECHNOLOGY,R dada2,ASV with DADA2,assignTaxonomy(),SILVA v138.1,SRP240872,https://trace.ncbi.nlm.nih.gov/Traces/study/?acc=SRP240872&go=go,PRJNA600153,18,Vegetables,"Bacterial microbiota of whole and cracked fermented Picual table olives (A01BP, A01BQ) with different amounts of salt in the brine, with or without starter",10.3389/fmicb.2020.01128,https://doi.org/10.3389/fmicb.2020.01128,"Anagnostopoulos et al., 2020",2020,"Anagnostopoulos, D., Kamilari, E., Tsaltas, D., 2020. Evolution of bacterial communities, physicochemical changes and sensorial attributes of natural whole and cracked Picual table olives during spontaneous and inoculated fermentation. Front. microbiol. 11(), 1128. https://dx.doi.org/10.3389/fmicb.2020.01128",Tsaltas,dimitris.tsaltas@cut.ac.cy,Cyprus,mixed 6x3,341f,806R,FALSE,TRUE
141,ST141,3_2,16S RNA gene,V3-V4,Illumina MiSeq,426,UBO,R dada2,ASV with DADA2,assignTaxonomy(),SILVA v138.1,ERP123467,https://trace.ncbi.nlm.nih.gov/Traces/study/?acc=ERP123467&go=go,PRJEB3989,215,Vegetables,"French PDO Nyons black table olives (A01BQ, and their fermentation brines), two harvest, two producers, organic and conventional, two sampling times",10.3389/fmicb.2020.586614,https://doi.org/10.3389/fmicb.2020.586614,"Penland et al., 2020",2020,"Penland, M., Deutsch, S., Falentin, H., Pawtowski, A., Poirier, E., Visenti, G., Meur, C., Maillard, M., Thierry, A., Mounier, J., Coton, M., 2020. Deciphering microbial community dynamics and biochemical changes during Nyons black olive natural fermentations. Front. Microbiol.  11(): 586614. https://doi.org/10.3389/fmicb.2019.00093",Coton,monika.coton@univ-brest.fr,France,cross-sectional,515F,806R,TRUE,TRUE
182,ST182,5_0,ITS region and 16S RNA gene,ITS1 and V3-V4,Illumina MiSeq,427,LUXEMBOURG CENTRE FOR SYSTEMS BIOMEDICINE,R dada2,ASV with DADA2,assignTaxonomy(),SILVA v138.1,ERP127187,https://trace.ncbi.nlm.nih.gov/Traces/study/?acc=ERP127187&go=go,PRJEB43241,15,Vegetables,Bacterial and fungal communities of traditionally packed Alore√±a de Malaga table olives (A01BQ) during the shelf life,10.3390/microorganisms9030561,https://doi.org/10.3390/microorganisms9030561,"L√≥pez-Garc√≠a et al., 2021",2021,"L√≥pez-Garc√≠a, E., Ben√≠tez-Cabello, A., Ramiro-Garc√≠a, J., Romero-Gil, V., Rodr√≠guez-G√≥mez, F., Arroyo-L√≥pez, F.N., 2021. New Insights into Microbial Diversity of the Traditional Packed Table Olives Alore√±a de M√°laga through Metataxonomic Analysis. Microorg 9, 561. https://doi.org/10.3390/microorganisms9030561",Ben√≠tez-Cabello,abenitez@ig.csic.es,Spain,cross-sectional,S-D-Bact-0341-b-S-17,S-d-Bact-0785-a-A-21,TRUE,TRUE
183,ST183,4_2,16S RNA gene,V3-V4,Illumina MiSeq,404,CENTRE FOR RESEARCH AND TECHNOLOGY HELLAS,R dada2,ASV with DADA2,assignTaxonomy(),SILVA v138.1,SRP299784,https://trace.ncbi.nlm.nih.gov/Traces/study/?acc=SRP299784&go=go,PRJNA688686,4,Vegetables,Microbial diversity of Kalamata Greek style olives (A01BQ) stored under MAP,10.1016/j.foodcont.2021.108286,https://doi.org/10.1016/j.foodcont.2021.108286,"Michailidou et al., 2021",2021,"Michailidou, S., Trikka, F., Pasentsis, K., Petrovits, G.E., Kyritsi, M., Argiriou, A., 2021. Insights into the evolution of Greek style table olives microbiome stored under modified atmosphere: Biochemical implications on the product quality. Food Control 130, 108286. https://doi.org/10.1016/j.foodcont.2021.108286",Argiriou,argiriou@certh.gr,Greece,cross-sectional,341F,806R,TRUE,TRUE
226,ST226,5_0,ITS region and 16S RNA gene,ITS1 and V3-V4,Illumina MiSeq,427,CYPRUS UNIVERSITY OF TECHNOLOGY,R dada2,ASV with DADA2,assignTaxonomy(),SILVA v138.1 + UNITEgr250723,SRP399517,https://trace.ncbi.nlm.nih.gov/Traces/study/?acc=SRP399517&go=go,PRJNA878774,12,Vegetables,"Bacterial and fungal communities of 3 varieties (Cypriot, Picual, kalamata) fermented table olives from Cyprus (A01BQ). Fermentation was carried in the lab using the direct brining method.",10.3389/fmicb.2022.1101515,https://doi.org/10.3389/fmicb.2022.1101515,"Kamilari et al., 2023",2023,"Kamilari, E., Anagnostopoulos, D.A., Tsaltas, D., 2023. Fermented table olives from Cyprus: Microbiota profile of three varieties from different regions through metabarcoding sequencing. Front Microbiol 13, 1101515. https://doi.org/10.3389/fmicb.2022.1101515",Tsaltas,dimitris.tsaltas@cut.ac.cy,Cyprus,cross-sectional,"BITS (F), Bakt_341F (B)","B58S3 (F), Bakt_805R (B)",TRUE,TRUE
229,ST229,4_2_1,16S RNA gene,V3-V4,Illumina MiSeq,427,UNIVERSITA DEGLI STUDI DI TORINO,R dada2,ASV with DADA2,assignTaxonomy(),SILVA v138.1,SRP362173,https://trace.ncbi.nlm.nih.gov/Traces/study/?acc=SRP362173&go=go,PRJNA811759,48,Vegetables,"Bacterial communities in cofermented table olives (Ascolana A01BP) and sea fennel (Crithmum maritimum L.), with two fermentation methods and with or without starter culture",10.1016/j.fbio.2022.102077,https://doi.org/10.1016/j.fbio.2022.102077,"Maoloni et al., 2022",2022,"Maoloni, A., Cardinali, F., Milanoviƒá, V., Osimani, A., Garofalo, C., Ferrocino, I., Corvaglia, M.R., Cocolin, L., Aquilanti, L., 2022. Microbial dynamics and key sensory traits of laboratory-scale co-fermented green olives (Olea europaea L. cv. Ascolana tenera) and sea fennel (Crithmum maritimum L.). Food Biosci 50, 102077. https://doi.org/10.1016/j.fbio.2022.102077",Cardinali,f.cardinali@univpm.it,Italy,cross-sectional 2x2,Bakt_341F,Bakt_805R,TRUE,TRUE
236,ST236,5_0,ITS region and 16S RNA gene,ITS1 and V3-V4,Illumina MiSeq,427,"FOOD BIOTECHNOLOGY DEPARTMENT, INSTITUTO DE LA GRA",R dada2,ASV with DADA2,assignTaxonomy(),SILVA v138.1 + UNITEgr250723,ERP146095,https://trace.ncbi.nlm.nih.gov/Traces/study/?acc=ERP146095&go=go,PRJEB61009,17,Vegetables,"Fungal and bacterial microbiota and volatilome changes in brines during the spontaneous fermentation of Spanish-style and natural-style green table olives, cv Manzanilla (A01BP)",10.1016/j.fm.2023.104286,https://doi.org/10.1016/j.fm.2023.104286,"Ruiz-Barba et al., 2023",2023,"Ruiz-Barba, J.L., S√°nchez, A.H., L√≥pez-L√≥pez, A., Cort√©s-Delgado, A., Monta√±o, A., 2023. Microbial community and volatilome changes in brines along the spontaneous fermentation of Spanish-style and natural-style green table olives (Manzanilla cultivar). Food Microbiol 113, 104286. https://doi.org/10.1016/j.fm.2023.104286",Monta√±o,amontano@ig.csic.es,Spain,mixed 2x3,"ITS-F_KYO2 (F), S-D-Bact-0341-b-S-17 (B)","ITS2_KYO2 (F), S-d-Bact-0785-a-A-21 (B)",TRUE,TRUE
239,ST239,5_0,ITS region,ITS2,Illumina MiSeq,374,UBO,R dada2,ASV with DADA2,assignTaxonomy(),UNITEgr250723,ERP123468,https://trace.ncbi.nlm.nih.gov/Traces/study/?acc=ERP123468&go=go,PRJEB39898,208,Vegetables,"Dynamics of fungal (this study) and bacterial communities (ST240) during a 1,5 year long fermentation (2 locations, organic and conventional) of naturally fermented Nyons black olives (A01BP)",10.3389/fmicb.2020.586614,https://doi.org/10.3389/fmicb.2020.586614,"Penland et al., 2020",2020,"Penland, M., Deutsch, S.-M., Falentin, H., Pawtowski, A., Poirier, E., Visenti, G., Meur, C.L., Maillard, M.-B., Thierry, A., Mounier, J., Coton, M., 2020. Deciphering microbial community dynamics and biochemical changes during Nyons black olive natural fermentations. Front Microbiol 11, 586614. https://doi.org/10.3389/fmicb.2020.586614",Coton,monika.coton@univ-brest.fr,France,longitudinal 4x8,ITS3f,ITS2_KYO2,TRUE,TRUE
240,ST240,5_0,16S RNA gene,V3-V4,Illumina MiSeq,425,UBO,R dada2,ASV with DADA2,assignTaxonomy(),SILVA v138.1,ERP124333,https://trace.ncbi.nlm.nih.gov/Traces/study/?acc=ERP124333&go=go,PRJEB40675,47,Vegetables,"Dynamics of fungal (ST239) and bacterial (this study) communities during a 1,5 year long fermentation (2 locations, organic and conventional) of naturally fermented Nyons black olives (A01BP)",10.1016/j.foodres.2021.110344,https://doi.org/10.1016/j.foodres.2021.110344,"Penland et al., 2020",2020,"Penland, M., Mounier, J., Pawtowski, A., Tr√©guer, S., Deutsch, S.-M., Coton, M., 2021. Use of metabarcoding and source tracking to identify desirable or spoilage autochthonous microorganism sources during black olive fermentations. Food Res Int 144, 110344. https://doi.org/10.1016/j.foodres.2021.110344",Coton,monika.coton@univ-brest.fr,France,longitudinal 4x8,S-D-Bact-0341-b-S-17,S-d-Bact-0785-a-A-21,TRUE,TRUE
246,ST246,5_0,ITS region,ITS1+ITS2,454 GS Junior,339,CSIC,R dada2,ASV with DADA2,assignTaxonomy(),UNITEgr250723,SRP080831,https://trace.ncbi.nlm.nih.gov/Traces/study/?acc=SRP080831&go=go,PRJNA317749,28,Vegetables,"Dynamics of fungal community  during the course of fermentation of natural Alore√±a de M√°laga table olives (A01BQ) and their fermentation brine, from reception of raw material to edible fruits, two producers",10.1371/journal.pone.0163135,https://doi.org/10.1371/journal.pone.0163135,"Arroyo-L√≥pez et al., 2016",2016,"Arroyo-L√≥pez, F.N., Medina, E., Ruiz-Bellido, M.√Å., Romero-Gil, V., Montes-Borrego, M., Landa, B.B., 2016. Enhancement of the knowledge on fungal communities in directly brined Alore√±a de M√°laga green olive fermentations by metabarcoding analysis. PLoS One 11, e0163135. https://doi.org/10.1371/journal.pone.0163135 454",Landa,blanca.landa@csic.es,Spain,mixed 2x4,ITS1,ITS4,TRUE,FALSE
247,ST247,5_0,ITS region,ITS2,Illumina MiSeq,422,UBO,R dada2,ASV with DADA2,assignTaxonomy(),UNITEgr250723,ERP124332,https://trace.ncbi.nlm.nih.gov/Traces/study/?acc=ERP124332&go=go,PRJEB40674,47,Vegetables,"Source tracking of fungal (this study) and bacterial communities (xxxx) in naturally fermented Nyons black olives (A01BQ), in unspoiled and spoiled products, 3 consecutive years",10.1016/j.foodres.2021.110344,https://doi.org/10.1016/j.foodres.2021.110344,"Penland et al., 2021",2021,"Penland, M., Mounier, J., Pawtowski, A., Tr√©guer, S., Deutsch, S.-M., Coton, M., 2021. Use of metabarcoding and source tracking to identify desirable or spoilage autochthonous microorganism sources during black olive fermentations. Food Res Int 144, 110344. https://doi.org/10.1016/j.foodres.2021.110344:",Coton,monika.coton@univ-brest.fr,France,cross-sectional,ITS3f,ITS4-KYO,TRUE,TRUE
248,ST248,5_0,ITS region,ITS1,Illumina MiSeq,268,"SPANISH RESEARCH COUNCIL (CSIC), INSTITUTO DE LA G",R dada2,ASV with DADA2,assignTaxonomy(),UNITEgr250723,ERP134928,https://trace.ncbi.nlm.nih.gov/Traces/study/?acc=ERP134928&go=go,PRJEB50357,69,Vegetables,"Fungal communities in commercial table olives (A01BQ) packages from 4 countries Spain (n = 50), Greece (n = 6), France (n = 4), Chile (n = 4), Peru (n = 4), Portugal (n = 2), and Argentina (n = 2)",10.1016/j.fm.2022.104082,https://doi.org/10.1016/j.fm.2022.104082,"Ben√≠tez-Cabello et al., 2022",2022,"Ben√≠tez-Cabello, A., Ramiro-Garc√≠a, J., Romero-Gil, V., Medina, E., Arroyo-L√≥pez, F.N., 2022. Fungal biodiversity in commercial table olive packages. Food Microbiol. 107, 104082. https://doi.org/10.1016/j.fm.2022.104082",Ben√≠tez-Cabello,abenitez@ig.csic.es,"Spain, Greece, France, Chile, Peru, Portugal, Argentina",cross-sectional,ITS1-F_KYO2,ITS2_KYO2,TRUE,TRUE
251,ST251,5_0,16S RNA gene,V2-V3,454 GS Junior,275,CSIC,R dada2,ASV with DADA2,assignTaxonomy(),SILVA v138.1,SRP076632,https://trace.ncbi.nlm.nih.gov/Traces/study/?acc=SRP076632&go=go,PRJNA315418,28,Vegetables,"Bacterial communities of directly brined Alore√±a de Malaga table olives (A01BQ). Fresh olivs (A01BP) and brines were also sampled. 3 sampling times, 2 locations.",10.1016/j.ijfoodmicro.2016.07.014,https://doi.org/10.1016/j.ijfoodmicro.2016.07.014,"Medina et al., 2016",2016,"Medina, E., Ruiz-Bellido, M.A., Romero-Gil, V., Rodriguez-G√≥mez, F., Montes-Borrego, M., Landa, B.B., Arroyo-L√≥pez, F.N., 2016. Assessment of the bacterial community in directly brined Alore√±a de M√°laga table olive fermentations by metagenetic analysis. International journal of food microbiology 236, 47‚Äì55. https://doi.org/10.1016/j.ijfoodmicro.2016.07.014",Landa,blanca.landa@ias.csic.es,Spain,mixed 2x4,27F_b,357R,TRUE,FALSE
252,ST252,5_0_1,16S RNA gene,V3-V4,Illumina MiSeq,330,UNIVERSITY OF BARI,R dada2,ASV with DADA2,assignTaxonomy(),SILVA v138.1,SRP336517,https://trace.ncbi.nlm.nih.gov/Traces/study/?acc=SRP336517&go=go,PRJNA761998,8,Vegetables,Effect of Lactiplantibacillus starter on the bacterial microbiota of Sicilian table olives,10.3389/fmicb.2021.771636,https://doi.org/10.3389/fmicb.2021.771636,"Vacalluzzo et al., 2022",2022,"Vaccalluzzo, A., Celano, G., Pino, A., Calabrese, F.M., Foti, P., Caggia, C., Randazzo, C., 2022. Metagenetic and volatilomic approaches to elucidate the effect of Lactiplantibacillus plantarum starter cultures on Sicilian table olives. Front. Microbiol. 12, 771636. https://doi.org/10.3389/fmicb.2021.771636",Randazzo,cinzia.randazzo@unict.it,Italy,mixed 4x2,Probio uni,Probio Rev,FALSE,TRUE
253,ST253,5_0_1,ITS region and 16S RNA gene,ITS2 and V3-V4,Illumina NovaSeq,322,Novogene UK Ltd,R dada2,ASV with DADA2,assignTaxonomy(),SILVA v138.1 + UNITEgr250723,SRP469814,https://trace.ncbi.nlm.nih.gov/Traces/study/?acc=SRP469814&go=go,PRJNA1034814,49,Vegetables,Effect of Lactiplantibacillus starter on the dynamics of bacterial and fungal microbiota of Oliva di Gaeta PDO table olives (cv. Itrana),unpublished,NA,"Parente et al., unpublished",2024,"Parente et al., unpublished",Parente,eugenio.parente@unibas.it,Italy,longitudinal 3x6,"ITS3F, 341Fm","ITS4R, 804Rm",TRUE,FALSE